Workbook

Sheet 指示書作成シート(成形）
A1: 注 文 書 ／ 納 入 指 示 書 ( 成 形 ）
H8: 株式会社 ヨシダパッケージ
H9: 伝票 / LOT No. | J9: 261803
H11: 発注 / 手配日 | J11: 2026.3.6
A14: 下記の通り納入願います。
A15: 尚、納期回答につきましてはREFAXにてお願い致します。
A16: 要求No. | B16: P/N 品 名 | H16: 数 量 | I16: 荷姿 | K16: 納期
B17: SMK-228 | H17: 7 | K17: 3/16 3/17
B18: =VLOOKUP(B17,トレイデータ一覧表!1:1048576,2,FALSE) -> SMK-228 P試作 | I18: =VLOOKUP(B17,トレイデータ一覧表!1:1048576,9,FALSE) -> 0 | J18: =ROUNDDOWN(H17/I18,0) -> #DIV/0!
B19: 材質 | C19: 厚み | D19: 巾 | E19: 帯電 | F19: ｼﾘｺﾝ | G19: 塗布 | I19: =H17-(I18*J18) -> #DIV/0! | J19: =IF(I19>0,"×1"," ") -> #DIV/0!
B20: =VLOOKUP(B17,トレイデータ一覧表!1:1048576,3,FALSE) -> PP(N) | C20: =VLOOKUP(B17,トレイデータ一覧表!1:1048576,4,FALSE) -> 0.8 | D20: =VLOOKUP(B17,トレイデータ一覧表!1:1048576,5,FALSE) -> 520 | E20: =VLOOKUP(B17,トレイデータ一覧表!1:1048576,6,FALSE) -> 有 | F20: =VLOOKUP(B17,トレイデータ一覧表!1:1048576,7,FALSE) -> 無 | G20: =VLOOKUP(B17,トレイデータ一覧表!1:1048576,8,FALSE) -> 無
A23: 要求No. | B23: P/N 品 名 | H23: 数 量 | I23: 荷姿 | K23: 納期
B24: -
B25: =VLOOKUP(B24,トレイデータ一覧表!1:1048576,2,FALSE) -> - | I25: =VLOOKUP(B24,トレイデータ一覧表!1:1048576,9,FALSE) -> - | J25: =ROUNDDOWN(H24/I25,0) -> #VALUE!
B26: 材質 | C26: 厚み | D26: 巾 | E26: 帯電 | F26: ｼﾘｺﾝ | G26: 塗布 | I26: =H24-(I25*J25) -> #VALUE! | J26: =IF(I26>0,"×1"," ") -> #VALUE!
B27: =VLOOKUP(B24,トレイデータ一覧表!1:1048576,3,FALSE) -> - | C27: =VLOOKUP(B24,トレイデータ一覧表!1:1048576,4,FALSE) -> - | D27: =VLOOKUP(B24,トレイデータ一覧表!1:1048576,5,FALSE) -> - | E27: =VLOOKUP(B24,トレイデータ一覧表!1:1048576,6,FALSE) -> - | F27: =VLOOKUP(B24,トレイデータ一覧表!1:1048576,7,FALSE) -> - | G27: =VLOOKUP(B24,トレイデータ一覧表!1:1048576,8,FALSE) -> -
G31: 短手公差
G32: =VLOOKUP(B17,トレイデータ一覧表!1:1048576,20,FALSE) -> 0
G33: =VLOOKUP(B17,トレイデータ一覧表!1:1048576,21,FALSE) -> 0
B34: 長手公差
B35: =VLOOKUP(B17,トレイデータ一覧表!1:1048576,18,FALSE) -> 0
B36: =VLOOKUP(B17,トレイデータ一覧表!1:1048576,19,FALSE) -> 0
H38: CUT LINE
I39: =VLOOKUP(B17,トレイデータ一覧表!1:1048576,22,FALSE) -> 0 | J39: × | K39: =VLOOKUP(B17,トレイデータ一覧表!1:1048576,23,FALSE) -> 0
A42: 納品先: | B42: SMK3 | H42: 依頼元：
A43: =VLOOKUP(B42,納入先一覧表!1:1048576,2,FALSE) -> SMK（株）富山
A44: =VLOOKUP(B42,納入先一覧表!1:1048576,5,FALSE) -> 延澤 様
A45: =VLOOKUP(B42,納入先一覧表!1:1048576,3,FALSE) -> 〒939-2366 富山県富山市八尾町保内1-1 | H45: =VLOOKUP(B42,納入先一覧表!1:1048576,4,FALSE) -> SMK01
A46: ＴＥＬ
A47: =VLOOKUP(B42,納入先一覧表!1:1048576,6,FALSE) -> 076-455-1215
A50: 各部門の担当者は処理後、サイン又は捺印し速やかに次の部門へ配布願います。 | E50: 総務 | G50: 成形 | I50: プレス | K50: 総務

Sheet 指示書作成シート（外注）
A1: 注 文 書 ／ 納 入 指 示 書
H7: 株式会社 ヨシダパッケージ
H9: 伝票 / LOT No.
H11: 発注 / 手配日
G14: 〒212-0055
G15: 神奈川県川崎市幸区南加瀬5-36-6
I16: TEL 044-588-1621
A17: 下記の通り納入願います。 | I17: FAX 044-588-7000
A18: 納期回答をREFAXにてお願い致します。 | I18: 担当 桜 井
A19: 要求No. | B19: P/N 品 名 | H19: 数 量 | I19: 荷姿 | K19: 納期
B21: =VLOOKUP(B20,トレイデータ一覧表!1:1048576,2,FALSE) -> #N/A | I21: =VLOOKUP(B20,トレイデータ一覧表!1:1048576,9,FALSE) -> #N/A | J21: =ROUNDDOWN(H20/I21,0) -> #N/A
B22: 材質 | C22: 厚み | D22: 巾 | E22: 帯電 | F22: ｼﾘｺﾝ | G22: 塗布 | I22: =H20-(I21*J21) -> #N/A | J22: =IF(I22>0,"×1"," ") -> #N/A
B23: =VLOOKUP(B20,トレイデータ一覧表!1:1048576,3,FALSE) -> #N/A | C23: =VLOOKUP(B20,トレイデータ一覧表!1:1048576,4,FALSE) -> #N/A | D23: =VLOOKUP(B20,トレイデータ一覧表!1:1048576,5,FALSE) -> #N/A | E23: =VLOOKUP(B20,トレイデータ一覧表!1:1048576,6,FALSE) -> #N/A | F23: =VLOOKUP(B20,トレイデータ一覧表!1:1048576,7,FALSE) -> #N/A | G23: =VLOOKUP(B20,トレイデータ一覧表!1:1048576,8,FALSE) -> #N/A
A26: 要求No. | B26: P/N 品 名 | H26: 数 量 | I26: 荷姿 | K26: 納期 | P26: =VLOOKUP(B20,トレイデータ一覧表!1:1048576,6,FALSE) -> #N/A
B27: -
B28: =VLOOKUP(B27,トレイデータ一覧表!1:1048576,2,FALSE) -> - | I28: =VLOOKUP(B27,トレイデータ一覧表!1:1048576,9,FALSE) -> - | J28: =ROUNDDOWN(H27/I28,0) -> #VALUE!
B29: 材質 | C29: 厚み | D29: 巾 | E29: 帯電 | F29: ｼﾘｺﾝ | G29: 塗布 | I29: =H27-(I28*J28) -> #VALUE! | J29: =IF(I29>0,"×1"," ") -> #VALUE!
B30: =VLOOKUP(B27,トレイデータ一覧表!1:1048576,3,FALSE) -> - | C30: =VLOOKUP(B27,トレイデータ一覧表!1:1048576,4,FALSE) -> - | D30: =VLOOKUP(B27,トレイデータ一覧表!1:1048576,5,FALSE) -> - | E30: =VLOOKUP(B27,トレイデータ一覧表!1:1048576,6,FALSE) -> - | F30: =VLOOKUP(B27,トレイデータ一覧表!1:1048576,7,FALSE) -> - | G30: =VLOOKUP(B27,トレイデータ一覧表!1:1048576,8,FALSE) -> -
G34: 短手公差
G35: =VLOOKUP(B20,トレイデータ一覧表!1:1048576,20,FALSE) -> #N/A
G36: =VLOOKUP(B20,トレイデータ一覧表!1:1048576,21,FALSE) -> #N/A
B37: 長手公差
B38: =VLOOKUP(B20,トレイデータ一覧表!1:1048576,18,FALSE) -> #N/A
B39: =VLOOKUP(B20,トレイデータ一覧表!1:1048576,19,FALSE) -> #N/A
H41: CUT LINE
I42: =VLOOKUP(B20,トレイデータ一覧表!1:1048576,22,FALSE) -> #N/A | J42: × | K42: =VLOOKUP(B20,トレイデータ一覧表!1:1048576,23,FALSE) -> #N/A
A45: 納品先: | H45: 依頼元：
A46: =VLOOKUP(B45,納入先一覧表!1:1048576,2,FALSE) -> #N/A
A47: =VLOOKUP(B45,納入先一覧表!1:1048576,5,FALSE) -> #N/A | G47: 様
A48: =VLOOKUP(B45,納入先一覧表!1:1048576,3,FALSE) -> #N/A | H48: =VLOOKUP(B45,納入先一覧表!1:1048576,4,FALSE) -> #N/A | K48: 様
A49: ＴＥＬ
A50: =VLOOKUP(B45,納入先一覧表!1:1048576,6,FALSE) -> #N/A

Sheet トレイデータ一覧表
X1: 作成年月日 | Z1: 版 | AA1: 担当 | AB1: 承認
A5: P/N | B5: 型 番 | C5: 材質 | D5: 厚み | E5: ｼｰﾄ巾 | F5: 帯電 | G5: ｼﾘｺﾝ | H5: 塗布 | I5: 入数 | R5: 長手（交差上限） | S5: 長手（交差下限） | T5: 短手（交差上限） | U5: 短手（交差下限） | V5: 長手 | W5: 短手 | X5: 有・無 | Y5: 備 考 | AF5: 指示書作成
A6: AMP | B6: AMP (P試作） | C6: PP(N) | D6: 0.4 | E6: 405 | F6: 有 | G6: 無 | H6: 無
A7: AMP 試作 PS(CL) | B7: 曲げ形状試作PS(CL) | C7: PS(CL) | D7: 0.8 | E7: 405 | F7: 有 | G7: 無 | H7: 無
A8: AMP 試作 A-PET(CL) | B8: 曲げ形状試作A-PET(CL) | C8: A-PET(CL) | D8: 0.8 | E8: 460 | F8: 無 | G8: 有 | H8: 無
A9: 1279334-1 | B9: 1279334-1 (×24) | C9: PVC(CL) | D9: 0.5 | E9: 520 | F9: 有 | G9: 無 | H9: 無 | K9: 354*300 | R9: - | S9: - | T9: - | U9: - | V9: - | W9: - | X9: ○
A10: 1279508-1 | B10: 1279508-1 (×12) | C10: PS(CL) | D10: 0.5 | E10: 520 | F10: 有 | G10: 無 | H10: 無 | I10: 4000 | J10: COVER FOR HMZD CONN.COVER 2PAIR 15.95×100.6 | O10: 385*265 | R10: ±0.3 | S10: - | T10: ±0.3 | U10: - | V10: 99.3 | W10: 15.3 | X10: ○ | Z10: 12面取り | AA10: 別抜き | AB10: 袋詰め
A11: 1279508-2 | B11: 1279508-2 (×12） | C11: PS(CL) | D11: 0.5 | E11: 520 | F11: 有 | G11: 無 | H11: 無 | J11: TRAY FOR HMZD CONN.2PAIR 15.95×125.6 | O11: 385*265 | R11: ±0.3 | S11: - | T11: ±0.3 | U11: - | V11: 124.2 | W11: 15.3 | X11: ○
A12: 1279508-3 | B12: 1279508-3 (×12） | C12: PS(CL) | D12: 0.5 | E12: 520 | F12: 有 | G12: 無 | H12: 無 | I12: 500 | J12: TRAY FOR HMZD CONN.2PAIR 15.95×150.6 | O12: 385*265 | R12: ±0.3 | S12: - | T12: ±0.3 | U12: - | V12: 149.2 | W12: 15.3 | X12: ○
A13: 1279508-4 | B13: 1279508-4 | C13: PS(CL) | D13: 0.5 | E13: 520 | F13: 有 | G13: 無 | H13: 無 | J13: TRAY FOR HMZd CONN COVER 2PAIR1ROW | R13: MAX | T13: MAX | V13: 27.45 | W13: 17.7 | X13: ○ | Z13: 別抜き
A14: 1279508-5 | B14: 1279508-5 | C14: PS(CL) | D14: 0.5 | E14: 520 | F14: 有 | G14: 無 | H14: 無 | J14: TRAY FOR HMZd CONN COVER 2PAIR2ROW | R14: MAX | T14: MAX | V14: 27.45 | W14: 17.7 | X14: ○ | Z14: 別抜き
A15: 1279509-1 | B15: 1279509-1 (×09) | C15: PS(CL) | D15: 0.5 | E15: 520 | F15: 有 | G15: 無 | H15: 無 | I15: 350 | J15: TRAY FOR HMZD CONNCOVER 4PAIR 23.5×163.1 | O15: 385*265 | R15: ±0.3 | S15: - | T15: ±0.3 | U15: - | V15: 161.8 | W15: 23.4 | X15: ○ | Z15: 9面取り | AA15: 別抜き | AB15: 袋詰め
A16: 1279509-2 | B16: 1279509-2 (×09) | C16: PS(CL) | D16: 0.5 | E16: 520 | F16: 有 | G16: 無 | H16: 無 | I16: 350 | J16: COVER FOR HMZD CONN.COVER 2PAIR 23.5×175.6 | O16: 385*265 | R16: ±0.3 | S16: - | T16: ±0.3 | U16: - | V16: 174.1 | W16: 23.4 | X16: ○
A17: 1279509-3 | B17: 1279509-3 (×09) | C17: PS(CL) | D17: 0.5 | E17: 520 | F17: 有 | G17: 無 | H17: 無 | I17: 300 | J17: COVER FOR HMZD CONN.COVER 4PAIR 23.5×200.6 | O17: 385*265 | R17: ±0.3 | S17: - | T17: ±0.3 | U17: - | V17: 199.2 | W17: 23.4 | X17: ○
A18: 1279509-4 | B18: 1279509-4 (×12) | C18: PS(CL) | D18: 0.5 | E18: 520 | F18: 有 | G18: 無 | H18: 無 | I18: 1500 | J18: HMZD CONN.COVER 4PAIR | O18: 385*265 | R18: ±0.5 | T18: ±0.5 | V18: 151.25 | W18: 23.5 | X18: ○
A19: 1279600-1 | B19: 1279600-1 (×14) | C19: PS(CL) | D19: 0.5 | E19: 520 | F19: 有 | G19: 無 | H19: 無 | I19: 1800 | J19: HMZD CONN.COVER 2&3PAIR | N19: 385×265 | R19: ±0.5 | T19: ±0.5 | V19: 126.3 | W19: 20.5 | X19: ○
A20: 1447069-4 | B20: 1447069-4 | C20: PS(N) | D20: 0.4 | E20: 520 | F20: 有 | G20: 無 | H20: 無 | I20: 140 | V20: 367 | W20: 250 | AA20: 別抜き
A21: =ASC(O21) -> 1447287-1 | B21: 1447287-1 | C21: PVC (CL) | D21: 0.5 | E21: 460 | F21: - | G21: - | H21: - | I21: 250 | K21: 354*300 | O21: 1447287-1 | R21: ±1.0 | T21: ±1.0 | V21: 315 | W21: 264 | X21: ○
A22: 1554772-1 | B22: 1554772-1 | C22: PP(N) | D22: 0.4 | E22: 405 | F22: 有 | G22: 無 | H22: 無
A23: 2013973-1 | B23: 2013973-1 | C23: PVC | D23: 0.5 | E23: 460 | F23: 有 | G23: 有 | H23: 無 | K23: 354×300 | R23: ±0.5 | T23: ±0.5 | V23: 90 | W23: 86.3 | X23: ○ | Z23: 9面取り | AA23: 別抜き
A24: AMP-010 | B24: AMP-010 10P | C24: PS(N) | D24: 0.8 | E24: 520 | F24: 有 | G24: 有 | H24: 無 | I24: 140 | K24: 470×300 | R24: ±0.5 | T24: ±0.5 | V24: 428 | W24: 278 | X24: ○
A25: AMP-010-3 | B25: AMP-010-3 | C25: PS(茶) | D25: 0.8 | E25: 520 | F25: 有 | G25: 有 | H25: 無 | I25: 140 | K25: 470×300 | R25: ±0.5 | T25: ±0.5 | V25: 428 | W25: 278 | X25: ○
A26: AMP-011 | B26: AMP-011 3P | C26: PS(N) | D26: 0.8 | E26: 405 | F26: 無 | G26: 有 | H26: 無 | K26: 320×195 | R26: - | S26: - | T26: - | U26: - | V26: - | W26: - | X26: ○
A27: AMP-012 | B27: AMP-012 8P | C27: PS(N) | D27: 0.8 | E27: 520 | F27: 有 | G27: 有 | H27: 無 | I27: 130 | K27: 470×300 | R27: ±0.5 | T27: ±0.5 | V27: 428 | W27: 278 | X27: ○
A28: AMP-012CL | B28: AMP-012 | C28: PS(CL) | D28: 0.8 | E28: 405 | F28: 無 | G28: 無 | H28: 無 | K28: 470*300 | R28: 0 | S28: -2 | T28: 0 | U28: -1 | V28: 461 | W28: 292.5 | X28: ○
A29: AMP-012P | B29: AMP-012 ポケット試作 | X29: ○
A30: AMP-013 | B30: AMP-013 | C30: PS(N) | D30: 0.8 | E30: 520 | F30: 有 | G30: 有 | H30: 無 | I30: 140 | K30: 470×300 | R30: ±1.0 | T30: ±1.0 | V30: 431 | W30: 281 | X30: ○ | AA30: 別抜き
A31: AMP-014 | B31: AMP-014 8P | C31: PP(N) | D31: 0.8 | E31: 520 | F31: 有 | G31: 有 | H31: 無 | I31: 140 | K31: 470×300 | R31: ±0.5 | T31: ±0.5 | V31: 432 | W31: 279 | X31: ○
A32: AMP-015 | B32: AMP-015 12P | C32: PS(N) | D32: 0.8 | E32: 520 | F32: 有 | G32: 有 | H32: 無 | K32: 470×300 | R32: ±1.0 | T32: ±1.0 | V32: 432 | W32: 279 | X32: ○
A33: AMP-016 | B33: AMP-016 8P | C33: PP(N) | D33: 0.8 | E33: 520 | F33: 有 | G33: 無 | H33: 無 | K33: 470×300 | R33: ±0.5 | T33: ±0.5 | V33: 432 | W33: 279 | X33: ○
A34: AMP-016R | B34: AMP-016R 8P | C34: PP(N) | D34: 0.8 | E34: 520 | F34: 有 | G34: 無 | H34: 無 | I34: 130 | K34: 470×300 | R34: ±0.5 | T34: ±0.5 | V34: 432 | W34: 279 | X34: ○
A35: AMP-017 | B35: AMP-017 16P | C35: PP(N) | D35: 0.8 | E35: 520 | F35: 有 | G35: 無 | H35: 無 | K35: 470×300 | R35: ±0.5 | T35: ±0.5 | V35: 432 | W35: 279 | X35: ○
A36: AMP-018 | B36: AMP-018 EPS工程トレイ 6-912143-5 | C36: PP(N) | D36: 0.8 | E36: 520 | F36: 有 | G36: 無 | H36: 無 | I36: 140 | K36: 470×300 | R36: ±0.5 | T36: ±0.5 | V36: 432 | W36: 282 | X36: ○ | AA36: 別抜き
A37: AMP-019 | B37: AMP-019 140P | C37: PP(N) | D37: 0.8 | E37: 520 | F37: 有 | G37: 無 | H37: 無 | I37: 120 | K37: 470×300 | R37: ±0.5 | T37: ±0.5 | V37: 432 | W37: 279 | X37: ○ | AA37: 別抜き
A38: AMP-020 | B38: AMP-020 32P | C38: PS(茶) | D38: 0.8 | E38: 520 | F38: 有 | G38: 有 | H38: 無 | I38: 130 | K38: 470×300 | R38: ±1.0 | T38: ±1.0 | V38: 461 | W38: 292.5 | X38: ○
A39: AMP-021 | B39: AMP-021 16P | C39: PS(N) | D39: 0.8 | E39: 520 | F39: 有 | G39: 有 | H39: 無 | I39: 130 | K39: 470×300 | R39: ±1.0 | T39: ±1.0 | V39: 432 | W39: 279 | X39: ○
A40: AMP-022 | B40: AMP-022 64P | C40: PS(W) | D40: 0.8 | E40: 520 | F40: 有 | G40: 有 | H40: 無 | I40: 120 | K40: 470×300 | R40: ±0.5 | T40: ±0.5 | V40: 461 | W40: 292.5 | X40: ○
A41: AMP-022R | B41: AMP-022R 64P | C41: PS(N) | D41: 0.8 | E41: 520 | F41: 有 | G41: 有 | H41: 無 | I41: 130 | K41: 470×300 | R41: 0 | S41: -2 | T41: 0 | U41: -1 | V41: 461 | W41: 292.5 | X41: ○ | AB41: 袋詰め
A42: AMP-023 | B42: AMP-023 24P | C42: PS(N) | D42: 0.8 | E42: 520 | F42: 有 | G42: 有 | H42: 無 | K42: 470×300 | R42: ±1.0 | T42: ±1.0 | V42: 461 | W42: 292.5 | X42: ○
A43: AMP-024 | B43: AMP-024 20P 6-912127-9 | C43: PP(N) | D43: 1 | E43: 520 | F43: 有 | G43: 無 | H43: 無 | K43: 470×300 | R43: ±0.5 | T43: ±0.5 | V43: 461 | W43: 292.5 | X43: ○ | AA43: 別抜き | AB43: 袋詰め
A44: AMP-024R | B44: AMP-024R 20P 6-912127-9 | C44: PS(N) | D44: 1 | E44: 520 | F44: 有 | G44: 有 | H44: 無 | K44: 470×300 | R44: ±0.5 | T44: ±0.5 | V44: 461 | W44: 292.5 | X44: ○ | AB44: 袋詰め
A45: AMP-024R-PP | B45: AMP-024R(PP) 20P | C45: PP(N) | D45: 1 | E45: 520 | F45: 有 | G45: 無 | H45: 無 | K45: 470×300 | R45: ±0.5 | T45: ±0.5 | V45: 461 | W45: 292.5 | X45: ○ | AB45: 袋詰め
A46: AMP-025 | B46: AMP-025 54P | C46: PP(N) | D46: 0.8 | E46: 520 | F46: 有 | G46: 無 | H46: 無 | K46: 470×300 | R46: ±0.5 | T46: ±0.5 | V46: 432 | W46: 279 | X46: ○ | AA46: 別抜き | AB46: 袋詰め
A47: AMP-026 | B47: AMP-026 35P | C47: PP(N) | D47: 0.8 | E47: 520 | F47: 有 | G47: 無 | H47: 無 | K47: 470×300 | R47: ±0.5 | T47: ±0.5 | V47: 432 | W47: 279 | X47: ○ | AA47: 別抜き | AB47: 袋詰め
A48: AMP-027 | B48: AMP-027(7-912127-0) | C48: PS(N) | D48: 1 | E48: 520 | F48: 有 | G48: 有 | H48: 無 | K48: 470×300 | R48: ±0.5 | T48: ±0.5 | V48: 461 | W48: 292.5 | X48: ○ | Z48: １面取 | AA48: 別抜き | AB48: 袋詰め
A49: AMP-A-012-1 | B49: A-012-1 | C49: PS(N) | D49: 0.4 | E49: 520 | F49: 無 | G49: 無 | H49: 有 | I49: 180 | K49: 470×300 | R49: ±1.0 | T49: ±1.0 | V49: 461 | W49: 292.5 | X49: ○
A50: AMP-A-015-1 | B50: A-015-1 | C50: PS(N) | D50: 0.4 | E50: 520 | F50: 無 | G50: 無 | H50: 有 | I50: 180 | K50: 470×300 | R50: ±1.0 | T50: ±1.0 | V50: 461 | W50: 292.5 | X50: ○
A51: SLK-119 | B51: 912103-5 | C51: PS(N) | D51: 0.5 | E51: 435 | F51: 有 | G51: 無 | H51: 無 | I51: 700 | K51: 340*285 | R51: - | S51: - | T51: - | U51: - | V51: - | W51: - | X51: ○
A52: AMP-GMY001 | B52: GMY-001 TBﾄﾚｰ | C52: ＰＳ（Ｎ） | D52: 0.4 | E52: 520 | F52: 無 | G52: 無 | H52: 無 | I52: 250 | K52: 470×300 | R52: ±1.0 | T52: ±1.0 | V52: 435 | W52: 250 | X52: ○
A53: AMP-CK-002 | B53: CK-002 | C53: PS(N) | D53: 0.38 | E53: 405 | F53: 有 | G53: 無 | H53: 無 | I53: 500 | K53: 338*175 | R53: ±1.0 | T53: ±1.0 | V53: 260 | W53: 152 | X53: ○
A54: TYCO | B54: TYCO 20P PPS SOCKETS | C54: PS(B) | D54: 0.8 | E54: 420 | F54: 導電印刷 | K54: 310×210 | R54: ±0.5 | S54: - | T54: ±0.5 | U54: - | V54: 225 | W54: 190 | X54: ○ | Z54: １面取 | AA54: 別抜き | AB54: 袋詰め | AF54: 2013.1.22
A55: TE-001 | B55: TE-001 | C55: PS(N) | D55: 0.6 | E55: 405 | F55: 有 | G55: 有 | H55: 無 | K55: 355×240 | R55: ±1.0 | T55: ±1.0 | V55: 328 | W55: 225 | X55: ○ | AB55: 袋詰め | AF55: 2017.10.13
A56: TE-002 | B56: TE-002 | C56: PS(N) | D56: 0.8 | E56: 405 | F56: 有 | G56: 無 | H56: 無 | K56: 355×240 | R56: ±1.0 | T56: ±1.0 | V56: 335 | W56: 230 | X56: ○ | AB56: 袋詰め | AF56: 2018.9.5
A57: TE-003 | B57: TE-003 | C57: PS(N) | D57: 0.6 | E57: 405 | F57: 有 | G57: 有 | H57: 無 | I57: 350 | K57: 355×240 | R57: ±1.0 | T57: ±1.0 | V57: 328 | W57: 225 | X57: ○ | AB57: 袋詰め | AF57: 2018.12.3
A58: TE-004 | B58: TE-004 | C58: PS(N) | D58: 0.6 | E58: 405 | F58: 有 | G58: 有 | H58: 無 | I58: 350 | K58: 355×240 | R58: ±1.0 | T58: ±1.0 | V58: 328 | W58: 225 | X58: ○ | AB58: 袋詰め | AF58: 2019.2.26
A59: TE-014 | B59: TE-014 | C59: PP(N) | D59: 0.8 | E59: 520 | F59: 有 | G59: 無 | H59: 無 | K59: 470×347 | R59: ±1.0 | T59: ±1.0 | V59: 461 | W59: 292.5 | X59: ○ | AB59: 袋詰め | AF59: 2019.10.1
A60: TE-015 | B60: TE-015 | C60: PP(N) | D60: 0.6 | E60: 405 | F60: 有 | G60: 無 | H60: 無 | K60: 354×300 | R60: ±1.0 | T60: ±1.0 | V60: 330 | W60: 270 | X60: 〇 | AB60: 袋詰め | AF60: 2020.1.22
A61: TE-016 | B61: TE-016 | C61: PS(N) | D61: 0.6 | E61: 405 | F61: 有 | G61: 有 | H61: 無 | K61: 355×240 | R61: ±1.0 | T61: ±1.0 | V61: 328 | W61: 225 | X61: 〇 | AB61: 袋詰め | AF61: 2020.6.4
A62: TE-021 | B62: TE-021 | C62: PS(N) | D62: 0.6 | E62: 405 | F62: 有 | G62: 有 | H62: 無 | I62: 300 | K62: 355×240 | R62: ±1.0 | T62: ±1.0 | V62: 328 | W62: 225 | X62: 〇 | AB62: 袋詰め | AF62: 2020.9.30
A64: 0-18-1 | B64: 912018-1 | C64: PS(N) | D64: 0.6 | E64: 405 | F64: 有 | G64: 有 | H64: 無 | I64: 500 | K64: 320*195 | R64: - | S64: - | T64: - | U64: - | V64: - | W64: - | X64: ○
A65: 0-18-7 | B65: 912018-7 | C65: PS(N) | D65: 0.6 | E65: 405 | F65: 有 | G65: 有 | H65: 無 | K65: 320*195 | R65: - | S65: - | T65: - | U65: - | V65: - | W65: - | X65: ○
A66: 0-18-9 | B66: 912018-9 | C66: PS(N) | D66: 0.6 | E66: 402 | F66: 有 | G66: 有 | H66: 無 | K66: 320*195 | R66: - | S66: - | T66: - | U66: - | V66: - | W66: - | X66: ○
A67: 0-19-3 | B67: 912019-3 | C67: PS(N) | D67: 0.8 | E67: 520 | F67: 有 | G67: 有 | H67: 無 | I67: 180 | K67: 405*300 | R67: - | S67: - | T67: - | U67: - | V67: - | W67: - | X67: ○
A68: 0-19-4 | B68: 912019-4 | C68: PS(N) | D68: 0.8 | E68: 520 | F68: 有 | G68: 有 | H68: 無 | I68: 170 | K68: 405*300 | R68: - | S68: - | T68: - | U68: - | V68: - | W68: - | X68: ○
A69: 0-19-6 | B69: 912019-6 | C69: PS(N) | D69: 0.6 | E69: 520 | F69: 有 | G69: 有 | H69: 無 | I69: 240 | K69: 405*300 | R69: 0 | S69: -1 | T69: 0 | U69: -1 | V69: 390 | W69: 282 | X69: ○
A70: 0-19-7 | B70: 912019-7 | C70: PS(N) | D70: 0.6 | E70: 520 | F70: 有 | G70: 有 | H70: 無 | I70: 200 | K70: 405*300 | R70: ±1.0 | T70: ±1.0 | V70: 390 | W70: 282 | X70: ○
A71: 0-20-2 | B71: 912020-2 | C71: PS(N) | D71: 0.8 | E71: 520 | F71: 無 | G71: 有 | H71: 無 | I71: 140 | K71: 470*300 | R71: ±0.5 | S71: - | T71: ±0.5 | U71: - | V71: 461 | W71: 292.5 | X71: ○
A72: 0-20-3 | B72: 912020-3 | C72: PS(N) | D72: 0.8 | E72: 520 | F72: 無 | G72: 有 | H72: 無 | I72: 140 | K72: 470*300 | R72: 0 | S72: -2 | T72: 0 | U72: -1 | V72: 461 | W72: 292.5 | X72: ○
A73: 0-20-5 | B73: 912020-5 | C73: PS(N) | D73: 0.8 | E73: 520 | F73: 有 | G73: 有 | H73: 無 | I73: 160 | K73: 470*300 | R73: 0 | S73: -2.0 | T73: 0 | U73: -1.0 | V73: 461 | W73: 292.5 | X73: ○
A74: 0-20-6 | B74: 912020-6 | C74: PS(N) | D74: 0.8 | E74: 520 | F74: 有 | G74: 有 | H74: 無 | I74: 130 | J74: 日三化成 | K74: 470*300 | R74: ±1.0 | T74: ±1.0 | V74: 461 | W74: 292.5 | X74: - | Y74: 日三化成 | AB74: 袋詰め
A75: 0-21-1 | B75: 912021-1 | C75: PS(N) | D75: 0.8 | E75: 550 | F75: 無 | G75: 有 | H75: 無 | I75: 400 | K75: 492*270 | R75: - | S75: - | T75: - | U75: - | V75: - | W75: - | X75: ○
A76: 0-21-2 | B76: 912021-2 | C76: PS(N) | D76: 0.8 | E76: 550 | F76: 無 | G76: 有 | H76: 無 | I76: 400 | K76: 492*270 | O76: 0-21-2 | R76: - | S76: - | T76: - | U76: - | V76: - | W76: - | X76: ○
A77: =ASC(O77) -> 0-21-3 | B77: 912021-3 | C77: PS(N) | D77: 0.8 | E77: 550 | F77: 無 | G77: 有 | H77: 無 | I77: 400 | J77: 2種類各200づつ | K77: 492×270 | L77: ﾄｰﾀﾙｻｳﾝﾄﾞｽﾀｯｸ | O77: 0-21-3 | R77: 0 | S77: -1 | T77: 0 | U77: -1 | V77: 250 | W77: 230 | X77: ○
A78: =ASC(O78) -> 0-21-4 | B78: 912021-4 | C78: PS(N) | D78: 0.8 | E78: 550 | F78: 無 | G78: 有 | H78: 無 | I78: 400 | K78: 492×270 | O78: 0-21-4 | R78: 0 | S78: -1 | T78: 0 | U78: -1 | V78: 250 | W78: 230 | X78: ○
A79: =ASC(O79) -> 0-21-5 | B79: 912021-5 | C79: PS(N) | D79: 0.8 | E79: 550 | F79: 無 | G79: 有 | H79: 無 | I79: 400 | K79: 492*270 | O79: 0-21-5 | R79: 0 | S79: -1 | T79: 0 | U79: -1 | V79: 250 | W79: 230 | X79: ○
A80: 0-21-6 | B80: 912021-6 | C80: PS(N) | D80: 0.8 | E80: 405 | F80: 無 | G80: 有 | H80: 無 | I80: 400 | K80: 300×246 | O80: 0-21-6 | R80: 0 | S80: -1 | T80: 0 | U80: -1 | V80: 250 | W80: 230 | X80: ○
A81: =ASC(O81) -> 0-21-7 | B81: 912021-7 | C81: PS(N) | D81: 0.8 | E81: 405 | F81: 無 | G81: 有 | H81: 無 | I81: 400 | K81: 300*246 | L81: 02/12/27 JIANLI | O81: 0-21-7 | R81: 0 | S81: -1 | T81: 0 | U81: -1 | V81: 250 | W81: 230 | X81: - | Y81: 02/12/27 JIANLI
A82: =ASC(O82) -> 0-21-8 | B82: 912021-8 | C82: PS(N) | D82: 0.8 | E82: 405 | F82: 無 | G82: 有 | H82: 無 | I82: 350 | K82: 300*246 | O82: 0-21-8 | R82: - | S82: - | T82: - | U82: - | V82: - | W82: - | X82: ○
A83: =ASC(O83) -> 0-21-9 | B83: 912021-9 | C83: PS(N) | D83: 0.8 | E83: 405 | F83: 無 | G83: 有 | H83: 無 | K83: 300*246 | O83: 0-21-9 | R83: - | S83: - | T83: - | U83: - | V83: - | W83: - | X83: ○
A84: =ASC(O84) -> 0-22-1 | B84: 912022-1 | C84: PS(N) | D84: 0.6 | E84: 405 | F84: 有 | G84: 無 | H84: 有 | K84: 340*285 | O84: 0-22-1 | R84: - | S84: - | T84: - | U84: - | V84: - | W84: - | X84: ○
A85: =ASC(O85) -> 0-22-2 | B85: 912022-2 | C85: PS(N) | D85: 0.6 | E85: 405 | F85: 有 | G85: 無 | H85: 有 | K85: 340*285 | O85: 0-22-2 | R85: - | S85: - | T85: - | U85: - | V85: - | W85: - | X85: ○
A86: =ASC(O86) -> 0-22-3 | B86: 912022-3 | C86: PS(N) | D86: 0.6 | E86: 405 | F86: 有 | G86: 有 | H86: 無 | I86: 200 | K86: 340*285 | O86: 0-22-3 | R86: - | S86: - | T86: - | U86: - | V86: - | W86: - | X86: ○
A87: =ASC(O87) -> 0-22-6 | B87: 912022-6 | C87: PS(N) | D87: 0.6 | E87: 405 | F87: 有 | G87: 無 | H87: 有 | K87: 340*285 | L87: CAD有金型無 | O87: 0-22-6 | R87: - | S87: - | T87: - | U87: - | V87: - | W87: - | X87: ○
A88: =ASC(O88) -> 0-22-7 | B88: 912022-7 | C88: PS(N) | D88: 0.6 | E88: 405 | F88: 有 | G88: 無 | H88: 有 | J88: 朝日はｼﾘｺﾝ無 | K88: 340*285 | O88: 0-22-7 | R88: - | S88: - | T88: - | U88: - | V88: - | W88: - | X88: ○
A89: =ASC(O89) -> 0-22-9 | B89: 912022-9 | C89: PS(N) | D89: 0.6 | E89: 405 | F89: 有 | G89: 有 | H89: 無 | K89: 340*285 | O89: 0-22-9 | R89: - | S89: - | T89: - | U89: - | V89: - | W89: - | X89: ○
A90: =ASC(O90) -> 0-23-1 | B90: 912023-1 | C90: PS(N) | D90: 0.8 | E90: 405 | F90: 無 | G90: 有 | H90: 無 | I90: 200 | K90: 355*240 | O90: 0-23-1 | R90: - | S90: - | T90: - | U90: - | V90: - | W90: - | X90: ○
A91: =ASC(O91) -> 0-23-3 | B91: 912023-3 | C91: PS(N) | D91: 0.8 | E91: 405 | F91: 無 | G91: 有 | H91: 無 | I91: 200 | K91: 355*240 | O91: 0-23-3 | R91: - | S91: - | T91: - | U91: - | V91: - | W91: - | X91: ○
A92: =ASC(O92) -> 0-45-1 | B92: 912045-1 | C92: PS(N) | D92: 0.5 | E92: 435 | F92: 無 | G92: 有 | H92: 無 | I92: 240 | K92: 385*265 | O92: 0-45-1 | R92: - | S92: - | T92: - | U92: - | V92: - | W92: - | X92: ○
A93: 0-71-6AMP | B93: 912071-6 | C93: PS(N) | D93: 0.4 | E93: 520 | F93: 無 | G93: 無 | H93: 有 | I93: 180 | K93: 470*300 | O93: 0-71-6 | R93: ±0.5 | T93: ±0.5 | V93: 461 | W93: 292.5 | X93: ○
A94: 0-71-6 | B94: 912071-6(規格トレイ) | C94: PS(N) | D94: 0.4 | E94: 520 | F94: 有 | G94: 無 | H94: 無 | I94: 180 | K94: 470*300 | O94: 0-71-6 | R94: ±0.5 | T94: ±0.5 | V94: 461 | W94: 292.5 | X94: ○
A95: =ASC(O95) -> 0-72-7 | B95: 912072-7 | C95: PS(W) | D95: 0.6 | E95: 520 | F95: 有 | G95: 有 | H95: 無 | I95: 180 | K95: 470*300 | O95: 0-72-7 | R95: - | S95: - | T95: - | U95: - | V95: - | W95: - | X95: ○
A96: =ASC(O96) -> 0-72-8 | B96: 912072-8 | C96: PS(N) | D96: 0.6 | E96: 520 | F96: 有 | G96: 有 | H96: 無 | I96: 180 | K96: 470*300 | O96: 0-72-8 | R96: - | S96: - | T96: - | U96: - | V96: - | W96: - | X96: ○
A97: =ASC(O97) -> 0-72-9 | B97: 912072-9 | C97: PS(N) | D97: 0.5 | E97: 520 | F97: 有 | G97: 無 | H97: 有 | I97: 200 | K97: 470*300 | O97: 0-72-9 | R97: ±0.5 | S97: - | T97: ±0.5 | U97: - | V97: 461 | W97: 292.5 | X97: ○
A98: =ASC(O98) -> 0-73-1 | B98: 912073-1 | C98: PS(N) | D98: 0.8 | E98: 520 | F98: 有 | G98: 有 | H98: 無 | I98: 170 | K98: 405*300 | O98: 0-73-1 | R98: - | S98: - | T98: - | U98: - | V98: - | W98: - | X98: ○
A99: =ASC(O99) -> 0-78-2 | B99: 912078-2 | C99: PS(N) | D99: 0.8 | E99: 520 | F99: 有 | G99: 有 | H99: 無 | I99: 160 | K99: 405*300 | O99: 0-78-2 | R99: - | S99: - | T99: - | U99: - | V99: - | W99: - | X99: ○
A100: =ASC(O100) -> 0-78-3 | B100: 912078-3 | C100: PS(N) | D100: 0.8 | E100: 405 | F100: 無 | G100: 有 | H100: 無 | K100: 300*246 | O100: 0-78-3 | R100: - | S100: - | T100: - | U100: - | V100: - | W100: - | X100: ○
A101: =ASC(O101) -> 0-78-9 | B101: 912078-9 | C101: PS(N) | D101: 0.6 | E101: 405 | F101: 有 | G101: 有 | H101: 無 | I101: 400 | K101: 320*195 | O101: 0-78-9 | R101: - | S101: - | T101: - | U101: - | V101: - | W101: - | X101: ○
A102: =ASC(O102) -> 0-79-2 | B102: 912079-2 (A-040-1) | C102: PS(N) | D102: 0.4 | E102: 520 | F102: 無 | G102: 無 | H102: 有 | I102: 180 | K102: 470*300 | O102: 0-79-2 | R102: 0 | S102: -1 | T102: 0 | U102: -1 | V102: 461 | W102: 292.5 | X102: ○
A103: =ASC(O103) -> 0-79-4 | B103: 912079-4 | C103: PS(N) | D103: 0.6 | E103: 405 | F103: 有 | G103: 無 | H103: 有 | K103: 355*240 | O103: 0-79-4 | R103: - | S103: - | T103: - | U103: - | V103: - | W103: - | X103: ○
A104: 0-18-2 | B104: 912018-2 | C104: PS(N) | D104: 0.55 | E104: 385 | F104: 無 | G104: 有 | H104: 無 | K104: 中国 | L104: 320*195 | O104: 0-18-2 | R104: - | S104: - | T104: - | U104: - | V104: - | W104: - | X104: - | Y104: 中国
...

Sheet 納入先一覧表
A1: No. | B1: 送り先 | C1: 住 所 | D1: 依頼元(依頼主) | E1: サ ブ | F1: 電 話 番 号 | G1: FAX
A2: 11 | B2: ＳＭＫ（株）ひたち | C2: * | D2: ＳＭＫ（株） 崎村 | E2: ＦＣ生産技術部 田辺 治雄 | F2: 0293-20-2140
A3: 111 | B3: ＳＭＫ（株） 本社 | C3: * | D3: ＳＭＫ（株） 崎村 | E3: ＦＣ設計 真野 | F3: *
A4: 888 | B4: * | C4: * | D4: * | E4: * | F4: *
A5: 999 | B5: 後日確認 | C5: * | D5: * | E5: * | F5: *
A6: A3C | B6: エースリーシー・デザイン事務所 | C6: 横浜市都筑区荏田南5-21-30 ｼｪﾙみずきが丘203号 | D6: A3C01 | E6: 天野 | F6: 045-948-0434 | G6: 045-948-0454
A7: AAK | B7: （株）アーク RPT工場 | C7: 山梨県富士吉田市小明見4252 | D7: AAK01 | E7: 宮宅 | F7: 0555-23-4325 | G7: 0555-23-9203
A8: AAK1 | B8: （株）アーク | C8: 〒190-0182 東京都西多摩郡日の出町平井22-7 | D8: AAK01 | E8: 量産事業本部 量産事業部 生産Gr. 購買課 | F8: 042-519-9821 | G8: 042-519-9864
A9: AAT | B9: (株)エイアンドティー | C9: 〒252-0816 神奈川県藤沢市遠藤2023-1 | D9: AAT01 1334 | E9: 購買Gr. 湘南ﾁｰﾑ 昆野 様宛 | F9: 0466-86-8682 | G9: 0466-86-8748
A10: AB | B10: (株)エービー | C10: 〒969-0101 福島県西白河郡泉崎村大字泉崎字上狐山2-1 | D10: AB01 1034 | E10: 兼子 様宛 | F10: 0248-53-2043
A11: ACD | B11: (株)エースキャド | C11: 〒155-0032 東京都世田谷区代沢4-27-8 ｸｳｪｽﾄｽｸｴｱ1F | D11: ACD01 1259 | E11: 安東 様宛 | F11: 03-5433-6375 | G11: 03-5433-6375
A12: ACT | B12: (株)アクティ | C12: 〒211-0042 神奈川県川崎市中原区下新城1-11-26 ｹｲ・ﾊｳｽ西館 102号 | D12: ACT01 1702 | E12: 岸田 様 | F12: 044-982-0807 | G12: 044-982-0858
A13: ADK | B13: （株）エーディーケイ | C13: 大田区京浜島2-2-10 | D13: ADK01 | E13: ***** | F13: 03-3790-1565 | G13: 03-3790-0386
A14: AND | B14: (株)ｱﾄﾞﾆｸｽ | C14: 〒193-0931 東京都八王子市台町4-45-15 ｱﾙｶﾃﾞｨｱ西八王子2F | D14: ADN01 1109 | E14: 新家 様宛 | F14: 0426-69-3060 | G14: 0426-69-3061
A15: ADO | B15: アドバンテック 宮古工場 | C15: * | D15: ＳＭＫ（株）杉村 | E15: * | F15: *
A16: ADV | B16: （株）アドバネクス 本社 | C16: * | D16: ADV03 | E16: TTセンター 鈴木 | F16: *
A17: ADV1 | B17: （株）アドバネクス 福島ファクトリー | C17: * | D17: ADV01 | E17: * | F17: 0247-72-6101
A18: ADV2 | B18: （株）アドバネクス 柏崎ファクトリー | C18: 新潟県柏崎市大字藤井字西沖1355 | D18: ADV02 | E18: 猪俣 | F18: 0257-24-2156
A19: ADV3 | B19: （株）アドバネクス 柏崎ファクトリー | C19: 新潟県柏崎市大字藤井字西沖1355 | D19: ADV02 | E19: 第一工場 | F19: 0257-24-2141 | G19: 0257-22-3320
A20: ADV4 | B20: （株）アドバネクス 柏崎ファクトリー | C20: 新潟県柏崎市大字藤井字西沖1355 | D20: ADV02 | E20: ロジスティックス アソシエイツ 田中 | F20: 0257-22-2746 | G20: *
A21: ADV5 | B21: （株）アドバネクス 柏崎ファクトリー | C21: 新潟県柏崎市大字藤井字西沖1355 | D21: ADV02 | E21: * | F21: * | G21: *
A22: ADV6 | B22: （株）アドバネクス 東京ロジスティクスセンター | C22: 東京都荒川区町屋7-6-4 | D22: ADV03 | E22: D2アソシエイツ 井村 | F22: 03-3809-4832 | G22: 03-3809-4839
A23: ADV7 | B23: （株）アドバネクス 柏崎ファクトリー | C23: 新潟県柏崎市大字藤井字西沖1355 | D23: ADV02 | E23: 第三工場 | F23: 0257-24-2141 | G23: 0257-22-6261
A24: ADV8 | B24: （株）アドバネクス 柏崎ファクトリー | C24: 〒945-0193 新潟県柏崎市大字藤井字西沖1287-1 | D24: ADV02 | E24: 第二工場 坂牧 様宛 | F24: 0257-24-2419 | G24: 0257-22-1580
A25: ADV11 | B25: （株）ｱﾄﾞﾊﾞﾝﾃｽﾄﾃﾞｨｰｱｲ | C25: 埼玉県北埼玉郡大利根町新利根1-4-4 | D25: NPC01 | E25: 資材部 購買課 岡安 | F25: 0480-72-7069
A26: AFM | B26: （株）ｴｰｴﾌｴﾑｼｰ | C26: 神奈川県横浜市港北区新羽町165 | D26: AFM01 | E26: 高橋 | F26: 045-532-0041 | G26: 045-532-0091
A27: AGR | B27: (株)アグレス 大阪オフィス | C27: 〒577-0055 大阪府大阪市長栄寺2-12 | D27: AGR01 1831 | E27: 柏口 様宛 | F27: 06-6784-3644 | G27: 06-6787++
A28: AHN | B28: （株）朝比奈 本社 | C28: 町田市成瀬5223 | D28: * | E28: 島田 | F28: 042-722-1901
A29: AHP | B29: (株)アサヒプレシジョン 本社 | C29: 〒949-5411 新潟県長岡市来迎寺1750-1 | D29: AHP01 995 | E29: 製造部 佐藤 様宛 | F29: 0258-92-6440 | G29: 0258-92-6443
A30: AIDK | B30: アイデックス（株） | C30: 秋田県鹿角市十和田山根字上ノ平1番地 | D30: NPC01 | E30: 組立1課 近藤 | F30: 0186-35-5111
A31: AIDS | B31: アイデックス（株） | C31: 秋田県鹿角市十和田山根字上ノ平1番地 | D31: NPC01 | E31: 組立1課 柴田 | F31: 0186-35-5111
A32: AIDY | B32: アイデックス（株） | C32: 秋田県鹿角市十和田山根字上ノ平1番地 | D32: NPC01 | E32: 組立1課 湯沢 | F32: 0186-35-5111
A33: AIH | B33: (有)相原製作所 | C33: 〒343-0115 埼玉県葛飾郡松伏町上赤岩1683-1 | D33: AIH01 1356 | E33: 飯塚 様宛 | F33: 048-991-8984 | G33: 048-991-8985
A34: AIN | B34: (株)ｱｲﾝ | C34: 〒391-0213 長野県茅野市豊平374-2 | D34: AIN01 1033 | E34: 営業部 金丸 様宛 | F34: 0266-72-7165 | G34: 0266-73-5031
A35: AIS | B35: (株)ｱｲｾｽ | C35: 〒018-1512 秋田県南秋田郡井川町北川尻字下田面替場11-1 | D35: AIS01 1136 | E35: 資材 高橋 様宛 | F35: 018-874-3252 | G35: 018-874-3242
A36: AKB | B36: 曙産業(株) | C36: 〒612-8452 京都府京都市伏見区中島堀端町97 | D36: AKB01 1896 | E36: 村上 様 | F36: 075-644-7030 | G36: 075-644-6337
A37: AKH | B37: (株)愛幸発條 | C37: 〒470-0102 愛知県日進市藤島町長塚75-766 | D37: AKH01 1467 | E37: 生産管理部 福井 様宛 | F37: 0561-73-3777 | G37: 0561-73-7538
A38: AKI | B38: (株)エーケイ設計 | C38: 〒411-0822 静岡県三島市松本319-1 ｸﾞﾘｰﾝﾊｲﾂ松本102号 | D38: AKI01 1689 | E38: 近藤 様 | F38: 055-955-7091 | G38: 055-977-7033
A39: AKK | B39: 朝日金属工業（株） | C39: 山形県長井市平山647-3 | D39: ＭＢＳ01 | E39: 開発営業 菅野 | F39: 0238-84-1890
A40: AKK1 | B40: (株)アサカ機工 | C40: 〒352-0011 埼玉県新座市野火止1-10-6 | D40: AKK01 1974 | E40: 仲田 様 | F40: 048-481-2151 | G40: 048-481-2154
A41: AKM2 | B41: 秋元製作所 | C41: 〒340-0803 埼玉県八潮市上馬場471-4 | D41: AKM02 1145 | E41: 秋元 様宛 | F41: 048-995-8715 | G41: 048-995-8715
A42: AKP | B42: (株)相川プレス工業 | C42: 〒408-0002 山梨県北杜市高根町村山北割1657-1 | D42: AKP01 1712 | E42: 技術課 仲野 様 | F42: 0551-47-4556
A43: AKR | B43: ARKERU(株) | C43: 〒210-0014 神奈川県川崎市川崎区貝塚1丁目4-11 ﾄﾞﾐｰﾙ見村302 | D43: AKR01 1641 | E43: 長田 様 | F43: 044-573-2753 | G43: 044-573-2753
A44: AKS | B44: ｱｸｾﾌﾟﾄ 株式会社 | C44: 埼玉県狭山市水野字月見野399 | D44: AKS01 | E44: 藤岡 | F44: 042-958-0037 | G44: 042-958-3261
A45: AKS2 | B45: 明石石油(株) | C45: 〒430-0944 静岡県浜松市中区田町228-5 | D45: AKS02 1128 | E45: 営業部 第２課 中村 様宛 | F45: 053-453-5772 | G45: 053-452-5976
A46: AKT | B46: （株）アクト ・ジャパン 伊那工場 | C46: 長野県上伊那郡南箕輪村6213 | D46: KBY02 小林精工 | E46: 細野 | F46: 0265-74-9322
A47: AKY | B47: アキヤ電気(株) | C47: 〒365-0051 埼玉県鴻巣市宮前489 | D47: AKY01 1727 | E47: 購買 山本 様 | F47: 048-596-8067 | G47: 048-597-2398
A48: ALC | B48: (株)アルコム | C48: 〒981-3341 宮城県富谷市成田9-16-2 | D48: ALC01 1696 | E48: 関 様 | F48: 022-348-0131 | G48: 022-348-0144
A49: ALF | B49: (株)アルファクト | C49: 〒2220033 横浜市港北区新横浜3-20-8 ベネックスＳ-3 4F | D49: ALF01 | E49: 長瀬 様宛 | F49: 045-470-7066 | G49: 045-475-3392
A50: ALM | B50: (株)アラマキ 配送センター | C50: 〒329-0911 栃木県宇都宮市問屋町3172-66 | D50: ALM01 1201 | E50: 神山 様宛 | F50: 028-656-2631 | G50: 028-656-2860
A51: ALP | B51: ｱﾙﾌﾟｽ電気(株) | C51: 〒989-6181 宮城県大崎市古川中里6-3-36 | D51: ALP01 1099 | E51: 技術本部 M8技術部 時田 様宛 | F51: 0229-23-5111 | G51: 0229-23-5107
A52: ALP2 | B52: ｱﾙﾊﾟｲﾝﾏﾆｭﾌｧｸﾁｬﾘﾝｸﾞ(株) | C52: 〒979-3131 福島県いわき市平赤井字反町48-1 | D52: ALP02 1247 | E52: 意匠生産技術Gr. 開発ﾁｰﾑ 和田 様宛 | F52: 0246-21-0008 | G52: 0246-21-0108
A53: ALJ | B53: アレントジャパン(株) | C53: 〒254-0082 神奈川県平塚市東豊田480-28 | D53: ALJ01 1411 | E53: アルファ事業部 JRC 村上 様宛 | F53: 0463-53-3333 | G53: 0463-53-3311
A54: AMEC1 | B54: 三晶MEC（株） 有金工場 | C54: * | D54: AMP B伝 | E54: * | F54: 0764-75-6611
A55: AMEC2 | B55: 三晶MEC（株） 本社工場 | C55: 富山県滑川市中新1029-1 | D55: A伝 本間 | E55: 吉田 | F55: 0764-75-7195
A56: AMG | B56: (有)ｱﾂﾞﾏ合成樹脂 | C56: 〒254-0032 神奈川県平塚市八千代町19-25 | D56: AMG01 1209 | E56: 山崎 様宛 | F56: 0463-21-4096 | G56: 0463-21-4036
A57: AMP1 | B57: タイコ エレクトロニクス ジャパン合同会社 | C57: 〒213-8385 神奈川県川崎市高津区久本3-5-8 | D57: A伝 | E57: 本社 | F57: 044-844-8724
A58: AMP2 | B58: タイコ エレクトロニクス ジャパン合同会社 | C58: 〒214-8533 神奈川県川崎市多摩区登戸3816 | D58: A伝 | E58: KEC 製品開発統括部 #335281 勝俣 様 | F58: 044-900-5066
A59: AMP3 | B59: タイコ エレクトロニクス ジャパン合同会社 | C59: 梱包技術課 小林 康浩 | D59: A伝 | E59: 川崎エンジニアリングセンター | F59: 044-900-5196
A60: AMP4 | B60: タイコ エレクトロニクス ジャパン合同会社 | C60: CC&CE ﾓｰﾙド技術 小尾 | D60: A伝 勝俣 | E60: 川崎エンジニアリングセンター | F60: 044-900-5010
A61: AMP5 | B61: タイコ エレクトロニクス ジャパン合同会社 | C61: インダストリアル本部 製造技術課 青木 | D61: A伝 | E61: 川崎エンジニアリングセンター | F61: 044-900-5035
A62: AMP6 | B62: タイコ エレクトロニクス ジャパン合同会社 | C62: VAO統括部 基板技術部 技術課 網倉 | D62: A伝 | E62: 川崎エンジニアリングセンター | F62: *
A63: AMP7 | B63: タイコ エレクトロニクス ジャパン合同会社 | C63: 川崎市多摩区登戸3816 | D63: A伝 平井 | E63: インダストリアル本部 技術2課 菅波 | F63: 044-900-5076
A64: AMP8 | B64: タイコ エレクトロニクス ジャパン合同会社 | C64: インダストリアル本部 第2技術部 佐々木 | D64: A伝 | E64: 川崎エンジニアリングセンター | F64: 044-900-5076
A65: AMP9 | B65: タイコ エレクトロニクス ジャパン合同会社 | C65: 川崎市多摩区登戸3816 | D65: A伝 平井 | E65: インダストリアル本部 生産技術管理課 平井 | F65: 044-900-5035
A66: AMP10 | B66: タイコ エレクトロニクス ジャパン合同会社 | C66: 新製品管理課 吉村 | D66: A伝 勝俣 | E66: 川崎エンジニアリングセンター | F66: 044-900-5196
A67: AMP11 | B67: タイコ エレクトロニクス ジャパン合同会社 | C67: 静岡県焼津市相川2002 | D67: AMP 小林 | E67: 静岡第一工場 守衛留め:VAO課 杉本課長 | F67: 054-622-1133 | G67: 054-622-1093
A68: AMP12 | B68: タイコ エレクトロニクス ジャパン合同会社 | C68: * | D68: AMP A伝 豊福 | E68: 川崎エンジニアリングセンター | F68: 044-900-5196
A69: AMP13 | B69: タイコ エレクトロニクス ジャパン合同会社 | C69: TE-AMP 調達品ｸﾞﾙｰﾌﾟ 山梨 | D69: * | E69: * | F69: *
A70: AMP14 | B70: タイコ エレクトロニクス ジャパン合同会社 | C70: インダストリアル本部 製造技術課 益子 | D70: A伝 | E70: 川崎エンジニアリングセンター | F70: 044-900-5035
A71: AMP15 | B71: タイコ エレクトロニクス ジャパン合同会社 | C71: 静岡県焼津市相川2002 | D71: AMP | E71: 静岡第1工場 カワイ様 | F71: 054-622-1136
A72: AMP16 | B72: タイコ エレクトロニクス ジャパン合同会社 | C72: 静岡県焼津市相川2002 | D72: B伝 | E72: 静岡第1工場 受入様 | F72: 054-622-1133
A73: AMP17 | B73: タイコ エレクトロニクス ジャパン合同会社 | C73: * | D73: A伝 | E73: インダストリアル本部 生産技術管理課 張 | F73: 044-900-5035
A74: AMP21 | B74: タイコ エレクトロニクス ジャパン合同会社 | C74: 静岡県焼津市藤守 2824-1 | D74: Ｂ伝 | E74: 静岡第２工場 受入係 | F74: 054-622-7000
A75: AMP22 | B75: タイコ エレクトロニクス ジャパン合同会社 | C75: 静岡県焼津市藤守 2824-1 | D75: 三晶技研（株） | E75: 静岡第２工場 ﾓｰﾙﾄﾞ 末松 | F75: 054-622-9791
A76: AMP23 | B76: タイコ エレクトロニクス ジャパン合同会社 | C76: 静岡県焼津市藤守 2824-1 | D76: A伝 購買 小泉 | E76: 静岡第２工場 ﾓｰﾙﾄﾞ技術 増田 | F76: 054-622-9791
A77: AMP24 | B77: タイコ エレクトロニクス ジャパン合同会社 | C77: 静岡県焼津市藤守 2824-1 | D77: A伝 購買 小泉 | E77: 静岡第２工場 ME 高橋 | F77: 054-622-1134
A78: AMP25 | B78: タイコ エレクトロニクス ジャパン合同会社 | C78: 静岡県焼津市藤守 2824-1 | D78: AMP | E78: 静岡第２工場 製造技術課 高橋 勝利 | F78: 054-622-1134
A79: AMP26 | B79: タイコ エレクトロニクス ジャパン合同会社 | C79: 静岡県焼津市藤守 2824-1 | D79: AMP 逢澤 A伝 | E79: 静岡第２工場 増田 博美課長 | F79: 054-622-1134
... A82: AMP29 | B82: タイコ エレクトロニクス ジャパン合同会社 | C82: 静岡県焼津市藤守 2824-1 | D82: A伝 購買 野口 | E82: 静岡第２工場 工程技術 田村 | F82: 054-622-7009
A83: AMP30 | B83: タイコ エレクトロニクス ジャパン合同会社 | C83: 自動車本部 製造技術部 組立技術課 高橋和弥 | D83: A伝 高橋 | E83: 川崎エンジニアリングセンター
A84: AMP31 | B84: タイコ エレクトロニクス ジャパン合同会社 | C84: 静岡県焼津市大島1874-1 | D84: AMP01 B伝 | E84: 静岡第２工場 受入係 松葉倉庫㈱ 焼津倉庫 | F84: 054-270-6821
A85: AMP32 | B85: タイコ エレクトロニクス ジャパン合同会社 | C85: 〒436-0040 静岡県掛川市菖蒲ヶ池100番地 | D85: AMP01 | E85: 掛川工場 | F85: 0537-88-2258
A86: AND1 | B86: ｱﾝﾃﾞｽ電気（株） 青森工場 | C86: * | D86: AND01 102 | E86: * | F86: *
A87: AND2 | B87: ｱﾝﾃﾞｽ電気（株） 青森工場 桜田 | C87: 青森県青森市富田3-8-31 | D87: AND01 102 | E87: * | F87: 017-782-1999
A88: AND3 | B88: ｱﾝﾃﾞｽ電気（株） 青森工場 | C88: 青森県青森市富田3-8-31 | D88: AND01 102 | E88: 業務課 坂本 | F88: 017-782-1999 | G88: 017-782-1651
A89: AND4 | B89: ｱﾝﾃﾞｽ電気（株） 青森工場 | C89: * | D89: AMP 勝俣 | E89: * | F89: *
A90: AOM | B90: 青森 桜総業 | C90: * | D90: 松南クラフトSON01 | E90: * | F90: *
A91: AON | B91: （株）青野工業 | C91: 茨城県稲敷郡河内町金江津5505 | D91: 大塚商店OTK02 | E91: 鳥羽課長 | F91: 0297-86-3661
A92: AON1 | B92: (株)青野工業 | C92: 〒140-0015 東京都品川区西大井6-7-2 | D92: AON01 | F92: 03-3776-3144 | G92: 03-3776-3746
A93: APF | B93: (株)エー・ピー・エフ | C93: 〒721-0902 広島県福山市春日町浦上576-15 | D93: APF01 1664 | E93: 畦岡 様 | F93: 084-948-6345 | G93: 084-947-3123
A94: APR | B94: (有)アプローチ | C94: 〒391-0001 長野県茅野市ちの丁田2763-1 | D94: APR01 1692 | E94: 藤沢 様 | F94: 0266-71-2121 | G94: 0266-71-2120
A95: ARA | B95: (株)エーアールエーテクノ | C95: 〒501-2259 岐阜県山県市岩佐647番地１ | D95: ARA01 1745 | E95: 荒深 様 | F95: 0581-52-1673 | G95: 0581-52-1673
A96: ARI | B96: (株)新井製作所 | C96: 〒343-0823 埼玉県越谷市相模町2-122 | D96: ARI01 1934 | E96: 新井 様 | F96: 048-986-2131 | G96: 048-987-1362
A97: ARK | B97: (有)荒川ﾊﾟｯｸ | C97: 〒116-0012 東京都荒川区東尾久1-21-22 | D97: ARK01 999 | F97: 03-3895-5589 | G97: 03-3809-2889
A98: ARM2 | B98: (株)アロマ | C98: 〒999-7781 山形県東田川郡庄内町余目字六人塚132-1 | D98: ARM02 1400 | E98: 工藤 様宛 | F98: 0234-42-0655 | G98: 0234-42-0589
A99: ARS | B99: (株)アローセブン | C99: 〒433-8122 静岡県浜松市中区上島3-27-7 | D99: ARS01 968 | E99: 製造 鈴木 様宛 | F99: 053-469-0031 | G99: 053-469-0037
A100: ARS2 | B100: アルス(株) | C100: 〒969-1175 福島県本宮市本宮名郷7 | D100: ARS02 1556 | E100: 第一工場 組立課 明間 様宛 | F100: 0243-33-2326 | G100: 0423-335245
A101: ART | B101: アリアテクニカ(株) | C101: 〒562-0035 大阪府箕面市船場東2-1-20 ABCビル6F | D101: ART01 1925 | E101: 山添 様 | F101: 072-735-7333 | G101: 072-735-7285
A102: ASA | B102: （株）エイ･エス･エイ | C102: 愛知県愛知郡久手町長配1-721 | D102: ASA01 | E102: 高野 | F102: 0561-62-0533 | G102: 0561-62-8830
...

Sheet 互換性レポート
B1: 成形トレイデータ&指示書（成形）（外注）新071210～.xls の互換性レポート
B2: 2014/5/15 13:03 に実行
B4: このブックで使用されている次の機能は、以前のバージョンの Excel ではサポートされていません。このブックを以前のバージョンの Excel で開くか、以前のファイル形式で保存すると、それらの機能が失われるか、正常に実行されなくなる可能性があります。
B6: 機能の大幅な損失 | E6: 出現数 | F6: バージョン
B8: このオブジェクトに適用されている効果が解除されます。このグラフィックの境界線からはみ出たテキストは表示されません。 | E8: 186
E9: 指示書作成シート(成形）'!A1:V60 | F9: Excel 97-2003
E10: 指示書作成シート（外注）'!A1:V51 | F10: Excel 97-2003
E11: トレイデータ一覧表'!A1:DF6302 | F11: Excel 97-2003
B14: 再現性の低下
B16: 図形、ワードアート、テキスト ボックスなど、このブックのオブジェクトの一部では、オブジェクトの境界を超える長さのテキストを入力できる場合があります。以前のバージョンの Excel では、このオプションに対応していないため、境界を超えたテキストは表示されません。 | E16: 174
E17: トレイデータ一覧表'!A1:DF6302 | F17: Excel 97-2003
